tick,precipitation,fog,sun_altitude,scenario_type,v_approach,dist_gt,dist_lidar,dist_stereo,dist_camera,dist_ai
1,10,90,-9.857528597048073,A,-2.0,5.0,4.931200489308386,6.695078342307657,5.679960377144299,5.35421572743831
2,10,90,-9.857528597048073,A,-2.080808080808081,5.252525252525253,5.405684214127792,7.432084858068265,6.283348689860784,4.341863482084658
3,10,90,-9.857528597048073,A,-2.1616161616161618,5.505050505050505,5.185646926791217,4.929189550216792,8.131320796822873,5.468605957852686
4,10,90,-9.857528597048073,A,-2.242424242424242,5.757575757575758,5.7603341441142355,4.230672290575588,2.3171956791577304,5.8939211362402855
5,10,90,-9.857528597048073,A,-2.323232323232323,6.01010101010101,5.7643626455042964,6.063203766280317,5.476904964818413,5.837012480240995
6,10,90,-9.857528597048073,A,-2.404040404040404,6.262626262626263,6.307624378339754,5.150284105621265,6.480462625721367,6.427832948964623
7,10,90,-9.857528597048073,A,-2.484848484848485,6.515151515151516,6.878555584644794,6.513147249595202,5.192031586673994,6.472528797734541
8,10,90,-9.857528597048073,A,-2.5656565656565657,6.767676767676768,6.909905440470398,5.131045679109067,4.0756139072580275,7.384688515196011
9,10,90,-9.857528597048073,A,-2.6464646464646466,7.020202020202021,6.9620624792863595,7.628379800543356,5.86041015716697,6.558310047987334
10,10,90,-9.857528597048073,A,-2.7272727272727275,7.272727272727273,7.3294305510295334,7.689895033702535,7.945111897445816,7.742557496507429
11,10,90,-9.857528597048073,A,-2.808080808080808,7.525252525252526,7.44698692306852,8.292931211397903,7.121917903230243,7.026980350240819
12,10,90,-9.857528597048073,A,-2.888888888888889,7.777777777777779,7.803060633661762,7.824964501316707,11.382870569185645,8.363031715505334
13,10,90,-9.857528597048073,A,-2.9696969696969697,8.030303030303031,7.734266733379907,8.701130890375714,7.431489089693572,7.47871012730205
14,10,90,-9.857528597048073,A,-3.0505050505050506,8.282828282828284,8.117206473670242,8.994352677343478,6.3241338828592495,8.655033273954789
15,10,90,-9.857528597048073,A,-3.1313131313131315,8.535353535353536,8.51113914625787,7.739734800026044,11.279362135146423,8.945885231576746
16,10,90,-9.857528597048073,A,-3.212121212121212,8.787878787878789,9.000357663663378,8.307946859069796,8.856177804473072,9.354449396145142
17,10,90,-9.857528597048073,A,-3.2929292929292933,9.040404040404042,9.047509199543809,9.587210713359298,7.217714489444816,8.732188512772602
18,10,90,-9.857528597048073,A,-3.3737373737373737,9.292929292929294,9.163990834481641,11.775125313839915,9.136447794163805,9.081458511705133
19,10,90,-9.857528597048073,A,-3.4545454545454546,9.545454545454547,9.217700279753092,9.539440815787113,10.230517025556676,8.769300111278955
20,10,90,-9.857528597048073,A,-3.5353535353535355,9.7979797979798,9.51337369873438,8.554705731147143,3.9509813275274377,9.729903073174333
21,10,90,-9.857528597048073,A,-3.6161616161616164,10.050505050505052,9.931456815681177,10.557378537487898,9.091724518645105,10.15047416619807
22,10,90,-9.857528597048073,A,-3.6969696969696972,10.303030303030305,10.571413054475896,11.532023093724675,11.442732421104349,10.935391034659963
23,10,90,-9.857528597048073,A,-3.7777777777777777,10.555555555555557,10.725734814408868,10.264718918619444,13.739132243047008,11.029122181167105
24,10,90,-9.857528597048073,A,-3.858585858585859,10.80808080808081,10.436540782609244,12.70150586242558,16.26204290157606,10.380849430654234
25,10,90,-9.857528597048073,A,-3.9393939393939394,11.06060606060606,11.223648319094163,11.640066478885029,8.384357656295663,11.313620463521051
26,10,90,-9.857528597048073,A,-4.020202020202021,11.313131313131313,11.351269062087574,10.758949082328217,10.781694644043972,11.696695632583062
27,10,90,-9.857528597048073,A,-4.101010101010101,11.565656565656566,11.25904284881504,12.182564065383659,10.45181074951507,11.401669297140389
28,10,90,-9.857528597048073,A,-4.181818181818182,11.818181818181818,11.589664262301351,11.42082942163065,10.999134375524772,12.288310923141562
29,10,90,-9.857528597048073,A,-4.262626262626263,12.070707070707071,11.824479628957302,12.066730920772727,12.436953269762482,12.263439343507539
30,10,90,-9.857528597048073,A,-4.343434343434343,12.323232323232324,12.495286735776007,12.060998657839916,16.203409778179115,12.592443133408059
31,10,90,-9.857528597048073,A,-4.424242424242424,12.575757575757576,12.643391770100845,11.98606233747279,14.058155633921244,12.001053016407479
32,10,90,-9.857528597048073,A,-4.505050505050505,12.828282828282829,12.709251598453179,11.78936263084975,15.344914707045172,12.69326297766742
33,10,90,-9.857528597048073,A,-4.5858585858585865,13.080808080808081,12.744110740627308,11.986211705257764,12.273734374961077,12.877076847714447
34,10,90,-9.857528597048073,A,-4.666666666666667,13.333333333333334,13.630393258062888,12.205950450286679,10.324281566824816,13.181921122805894
35,10,90,-9.857528597048073,A,-4.747474747474747,13.585858585858587,13.34189363220925,11.73680813601849,18.239066307853193,13.38592814227431
36,10,90,-9.857528597048073,A,-4.828282828282829,13.83838383838384,13.884615803338566,14.582529717676053,11.930379154158063,13.577764230578719
37,10,90,-9.857528597048073,A,-4.909090909090909,14.090909090909092,13.729920369190106,13.752280769990627,14.787010273857838,14.576022739558923
38,10,90,-9.857528597048073,A,-4.98989898989899,14.343434343434344,14.262062686082563,14.551556034743207,14.376570153594121,14.033947538587816
39,10,90,-9.857528597048073,A,-5.070707070707071,14.595959595959597,14.762169591577281,13.281633456201972,12.342152030520918,15.17063626118939
40,10,90,-9.857528597048073,A,-5.151515151515152,14.84848484848485,14.515011268723422,14.87353582328404,17.611548315920274,15.545672346764528
41,10,90,-9.857528597048073,A,-5.232323232323233,15.101010101010102,15.042876209813343,13.834196877094307,15.83964269439599,15.951108274851787
42,10,90,-9.857528597048073,A,-5.313131313131313,15.353535353535355,15.521229320058447,15.030778933978747,15.266131395709019,15.500731359731498
43,10,90,-9.857528597048073,A,-5.3939393939393945,15.606060606060607,15.723417824687997,16.649352366407175,16.109851855474613,16.040898498906856
44,10,90,-9.857528597048073,A,-5.474747474747475,15.85858585858586,16.015618603875108,15.09340414474896,17.68190832045338,15.91925774721639
45,10,90,-9.857528597048073,A,-5.555555555555555,16.111111111111114,15.954450095385148,17.605292604173187,17.946790157144317,16.028700358355014
46,10,90,-9.857528597048073,A,-5.636363636363637,16.363636363636367,16.28460921761733,17.506030931031816,17.14210059442718,16.216633067198924
47,10,90,-9.857528597048073,A,-5.717171717171718,16.61616161616162,16.58747941991085,16.3720909775459,19.036501375877258,16.058443112076905
48,10,90,-9.857528597048073,A,-5.7979797979797985,16.868686868686872,16.738049600434497,18.119496908306946,19.891294676038896,16.320588315455073
49,10,90,-9.857528597048073,A,-5.878787878787879,17.12121212121212,16.953310690836847,16.89586452250301,13.683383927244863,17.223597587701274
50,10,90,-9.857528597048073,A,-5.95959595959596,17.373737373737374,17.582534417831965,18.533700712407818,17.96519929550402,17.32912446057401
51,10,90,-9.857528597048073,A,-6.040404040404041,17.626262626262626,17.376556258847994,17.582575060789065,16.186185158257548,17.557764222977603
52,10,90,-9.857528597048073,A,-6.121212121212122,17.87878787878788,18.24567774550339,18.63591853591032,20.152496688150144,17.652496902961104
53,10,90,-9.857528597048073,A,-6.202020202020202,18.13131313131313,18.550225188711586,17.63577267781436,14.40544674694894,17.778161778851345
54,10,90,-9.857528597048073,A,-6.282828282828283,18.383838383838384,18.454695748143852,18.57505367246676,17.984968149904613,17.705738052074786
55,10,90,-9.857528597048073,A,-6.363636363636364,18.636363636363637,18.673025838461523,18.96690161070345,17.85679524405212,18.68341932678027
56,10,90,-9.857528597048073,A,-6.444444444444445,18.88888888888889,18.73581328846238,18.918115099777214,21.683244964936645,18.944892220862755
57,10,90,-9.857528597048073,A,-6.525252525252526,19.141414141414142,19.582216081659716,18.809131857341125,25.215046562860383,19.02385205488002
58,10,90,-9.857528597048073,A,-6.606060606060606,19.393939393939394,19.475755000639012,18.191574058774005,20.57497130336643,19.6717848946804
59,10,90,-9.857528597048073,A,-6.686868686868687,19.646464646464647,19.556586930677092,19.241406422841514,15.986350590207888,19.869407763130095
60,10,90,-9.857528597048073,A,-6.767676767676768,19.8989898989899,20.13162228894739,21.502939230295183,20.353786900644785,19.806542508474294
61,10,90,-9.857528597048073,A,-6.848484848484849,20.151515151515152,20.25258097985358,19.344563161048956,19.07564848678384,20.080301359594763
62,10,90,-9.857528597048073,A,-6.92929292929293,20.404040404040405,20.59818702435079,20.639158053945174,20.461949474053455,20.652716659960593
63,10,90,-9.857528597048073,A,-7.01010101010101,20.656565656565657,20.73399030039873,20.624505104408957,20.569706564879986,20.67893738161552
64,10,90,-9.857528597048073,A,-7.090909090909092,20.90909090909091,21.10793047990935,19.9066903495021,18.993704207489465,20.535462631970994
65,10,90,-9.857528597048073,A,-7.171717171717172,21.161616161616163,20.72442128639575,21.648998567947004,23.031674694127023,21.766468101333825
66,10,90,-9.857528597048073,A,-7.252525252525253,21.414141414141415,21.524539198695038,20.240974116237073,20.164585353099177,21.080601942993347
67,10,90,-9.857528597048073,A,-7.333333333333334,21.666666666666668,21.704775824281075,22.701554378745772,19.78456978386653,21.250489243818382
68,10,90,-9.857528597048073,A,-7.414141414141414,21.91919191919192,22.06539394010662,20.358971485910494,25.607289424449075,22.65644248442296
69,10,90,-9.857528597048073,A,-7.494949494949496,22.171717171717173,22.004688659059614,22.646254313435694,22.2795734181006,22.20644682204996
70,10,90,-9.857528597048073,A,-7.575757575757576,22.424242424242426,22.251482023691427,22.78489399683463,22.270780994522106,22.417178708422178
71,10,90,-9.857528597048073,A,-7.6565656565656575,22.67676767676768,22.522341824938053,23.241211555838543,26.10954880546616,23.269752905380233
72,10,90,-9.857528597048073,A,-7.737373737373738,22.92929292929293,23.118995581752618,21.753421568748646,20.275225342148996,21.857135455539638
73,10,90,-9.857528597048073,A,-7.818181818181818,23.181818181818183,23.059078141353076,22.10133526453804,23.337444802845578,23.087313568794514
74,10,90,-9.857528597048073,A,-7.8989898989899,23.434343434343436,23.292431889501234,23.8691708616291,24.01628427914906,22.874913901798134
75,10,90,-9.857528597048073,A,-7.97979797979798,23.68686868686869,23.711922511692052,23.541896201597076,22.784936658206952,23.67383504127339
76,10,90,-9.857528597048073,A,-8.060606060606062,23.93939393939394,23.905781107273786,22.86743050822936,22.709118999643927,24.150631559809845
77,10,90,-9.857528597048073,A,-8.141414141414142,24.191919191919194,23.992847170210332,22.775115322141946,25.10666741299986,23.933060203655074
78,10,90,-9.857528597048073,A,-8.222222222222221,24.444444444444446,24.542238081193513,25.59287284918191,23.844710779550137,24.37940456821197
79,10,90,-9.857528597048073,A,-8.303030303030305,24.6969696969697,24.72941900850445,25.25831801755725,25.72002056845846,24.962069011749712
80,10,90,-9.857528597048073,A,-8.383838383838384,24.94949494949495,24.989594010295125,23.351151996042883,27.695727558257502,25.06141306200447
81,10,90,-9.857528597048073,A,-8.464646464646465,25.202020202020204,25.11039648323679,23.938453865122934,27.44763671362614,25.305749062005578
82,10,90,-9.857528597048073,A,-8.545454545454547,25.454545454545457,25.50344505708598,25.412893248215255,28.60583973101154,25.918158176628612
83,10,90,-9.857528597048073,A,-8.626262626262626,25.70707070707071,25.5400954379307,26.101029719241527,19.57887461052182,25.399139574698673
84,10,90,-9.857528597048073,A,-8.707070707070708,25.959595959595962,25.829377777644837,27.659111058956846,28.566429307941267,25.971438889414447
85,10,90,-9.857528597048073,A,-8.787878787878789,26.212121212121215,26.21422474429554,27.155047559140353,25.975499569239997,26.64518156258395
86,10,90,-9.857528597048073,A,-8.868686868686869,26.464646464646467,26.78188674588342,27.674648582212352,29.480374097655123,26.48880518018088
87,10,90,-9.857528597048073,A,-8.94949494949495,26.71717171717172,26.689160479594126,27.004882449251305,26.578736287206407,26.539895997445452
88,10,90,-9.857528597048073,A,-9.030303030303031,26.969696969696972,26.588025216221222,29.804008106420675,26.64574182752029,26.88635049987766
89,10,90,-9.857528597048073,A,-9.11111111111111,27.222222222222225,27.445676025287636,26.42090354357489,26.947099605225134,27.294660622905926
90,10,90,-9.857528597048073,A,-9.191919191919194,27.474747474747478,27.57700388507767,27.246686878725946,27.155751689330533,27.972343816485935
91,10,90,-9.857528597048073,A,-9.272727272727273,27.72727272727273,27.73429659037121,29.372528315702617,31.276112493721467,27.12142142079621
92,10,90,-9.857528597048073,A,-9.353535353535353,27.979797979797983,27.75526882773524,27.075093983122347,27.021443617266286,27.688138675195983
93,10,90,-9.857528597048073,A,-9.434343434343436,28.232323232323235,27.971132708230964,28.17146630358537,28.1742564920048,27.783634092889763
94,10,90,-9.857528597048073,A,-9.515151515151516,28.484848484848488,28.456683612984726,28.006133262789465,25.012361060611422,28.28788587783994
95,10,90,-9.857528597048073,A,-9.595959595959597,28.73737373737374,28.442056802191928,28.147601917994262,31.41270001664796,28.39103894011188
96,10,90,-9.857528597048073,A,-9.676767676767678,28.989898989898993,29.385401580437406,29.141011442230205,26.225589245285022,28.357237692616376
97,10,90,-9.857528597048073,A,-9.757575757575758,29.242424242424242,29.199953820990327,28.040964404541814,29.56469128059682,29.063266756572204
98,10,90,-9.857528597048073,A,-9.83838383838384,29.494949494949495,29.15047538033279,28.90962576687709,27.695798819999972,28.67357964499102
99,10,90,-9.857528597048073,A,-9.91919191919192,29.747474747474747,29.709132765020858,28.46539463454404,28.913513751861288,29.890075957352515
100,10,90,-9.857528597048073,A,-10.0,30.0,29.982718301871017,31.101604765541342,31.976593546207507,30.041355120883104
